[
  {
    "itemName": "example1.domain.com",
    "itemCreated": "2024-12-10T10:45:43Z",
    "itemUpdated": "2024-12-14T10:45:43Z",
    "itemAuthor": "alpha-02",
    "itemModified": "qwerty-01",
    "itemType": "Service",
    "id": "d5c3f58c-1559-43d1-ab28-2b5df1322f88"
  },
  {
    "itemName": "example2.domain.com",
    "itemCreated": "2024-12-11T10:45:43Z",
    "itemUpdated": "2024-12-16T10:45:43Z",
    "itemAuthor": "delta-04",
    "itemModified": "bravo-03",
    "itemType": "IP",
    "id": "d6251578-9f90-4fba-9109-32223a8b332f"
  },
  {
    "itemName": "example3.domain.com",
    "itemCreated": "2024-12-12T10:45:43Z",
    "itemUpdated": "2024-12-17T10:45:43Z",
    "itemAuthor": "delta-04",
    "itemModified": "delta-04",
    "itemType": "URL",
    "id": "d7db4801-03fc-4383-bc8e-787b2e3ed059"
  },
  {
    "itemName": "example4.domain.com",
    "itemCreated": "2024-12-13T10:45:43Z",
    "itemUpdated": "2024-12-15T10:45:43Z",
    "itemAuthor": "qwerty-01",
    "itemModified": "qwerty-01",
    "itemType": "Host",
    "id": "2a2e8a82-0cb3-40b6-a216-150be583695f"
  },
  {
    "itemName": "example5.domain.com",
    "itemCreated": "2024-12-14T10:45:43Z",
    "itemUpdated": "2024-12-17T10:45:43Z",
    "itemAuthor": "qwerty-01",
    "itemModified": "qwerty-01",
    "itemType": "File",
    "id": "5235a640-4250-482b-8184-e0da17b6cb63"
  },
  {
    "itemName": "example6.domain.com",
    "itemCreated": "2024-12-15T10:45:43Z",
    "itemUpdated": "2024-12-16T10:45:43Z",
    "itemAuthor": "bravo-03",
    "itemModified": "qwerty-01",
    "itemType": "Host",
    "id": "2f486acc-45f5-4643-be75-643d019fef12"
  },
  {
    "itemName": "example7.domain.com",
    "itemCreated": "2024-12-16T10:45:43Z",
    "itemUpdated": "2024-12-21T10:45:43Z",
    "itemAuthor": "bravo-03",
    "itemModified": "delta-04",
    "itemType": "IP",
    "id": "20e393cd-0151-4b09-8c9b-1d67bc045aad"
  },
  {
    "itemName": "example8.domain.com",
    "itemCreated": "2024-12-17T10:45:43Z",
    "itemUpdated": "2024-12-22T10:45:43Z",
    "itemAuthor": "alpha-02",
    "itemModified": "qwerty-01",
    "itemType": "Host",
    "id": "961fe8af-b0cc-4274-98ba-413454a29c6f"
  },
  {
    "itemName": "example9.domain.com",
    "itemCreated": "2024-12-18T10:45:43Z",
    "itemUpdated": "2024-12-19T10:45:43Z",
    "itemAuthor": "bravo-03",
    "itemModified": "alpha-02",
    "itemType": "URL",
    "id": "6c96dadc-8e5f-4d0c-995d-04accb06fdbb"
  },
  {
    "itemName": "example10.domain.com",
    "itemCreated": "2024-12-19T10:45:43Z",
    "itemUpdated": "2024-12-24T10:45:43Z",
    "itemAuthor": "alpha-02",
    "itemModified": "delta-04",
    "itemType": "IP",
    "id": "7eb35306-c534-4e8d-9926-70f64f43ac67"
  }
]