{
  "manage": {
    "title": "Manage",
    "intro": "Manage DHCP records and allocations."
  },
  "faqs": {
    "title": "Frequently Asked Questions",
    "intro": "Common questions and answers about the DHCP system."
  },
  "api-registration": {
    "title": "API Registration",
    "intro": "Register and manage API integrations."
  },
  "audit": {
    "title": "Audit",
    "intro": "Review historical changes and access logs."
  },
  "option-set": {
    "title": "Option Set",
    "intro": "A set of DHCP options grouped for common configurations.",
    "items": []
  },
  "option-types": {
    "title": "Option Types",
    "intro": "These are all defined DHCP Option Types in the system.",
    "items": [
      {
        "item-name": "Router",
        "item-created": "2024-01-01",
        "item-updated": "2024-04-01",
        "item-author": "admin",
        "item-modified": "jdoe",
        "item-type": "ip"
      },
      {
        "item-name": "DNS Server",
        "item-created": "2024-01-05",
        "item-updated": "2024-04-02",
        "item-author": "sysadmin",
        "item-modified": "mjane",
        "item-type": "ip"
      },
      {
        "item-name": "Domain Name",
        "item-created": "2024-01-10",
        "item-updated": "2024-04-03",
        "item-author": "networkteam",
        "item-modified": "sdoe",
        "item-type": "string"
      },
      {
        "item-name": "Subnet Mask",
        "item-created": "2024-01-15",
        "item-updated": "2024-04-04",
        "item-author": "admin",
        "item-modified": "jdoe",
        "item-type": "ip"
      },
      {
        "item-name": "Broadcast Address",
        "item-created": "2024-01-20",
        "item-updated": "2024-04-05",
        "item-author": "sysadmin",
        "item-modified": "mjane",
        "item-type": "ip"
      },
      {
        "item-name": "NTP Servers",
        "item-created": "2024-01-25",
        "item-updated": "2024-04-06",
        "item-author": "networkteam",
        "item-modified": "sdoe",
        "item-type": "ip"
      },
      {
        "item-name": "MTU Size",
        "item-created": "2024-02-01",
        "item-updated": "2024-04-07",
        "item-author": "admin",
        "item-modified": "mjane",
        "item-type": "number"
      },
      {
        "item-name": "Static Routes",
        "item-created": "2024-02-05",
        "item-updated": "2024-04-08",
        "item-author": "sysadmin",
        "item-modified": "jdoe",
        "item-type": "route"
      },
      {
        "item-name": "TFTP Server Name",
        "item-created": "2024-02-10",
        "item-updated": "2024-04-09",
        "item-author": "networkteam",
        "item-modified": "sdoe",
        "item-type": "string"
      },
      {
        "item-name": "Boot File Name",
        "item-created": "2024-02-15",
        "item-updated": "2024-04-10",
        "item-author": "admin",
        "item-modified": "mjane",
        "item-type": "string"
      }
    ]
  },
  "scope-type": {
    "title": "Scope Type",
    "intro": "Define and manage scope types in the DHCP network."
  },
  "server-types": {
    "title": "Server Types",
    "intro": "Available server roles and categories."
  },
  "servers": {
    "title": "Servers",
    "intro": "DHCP server inventory and configurations."
  },
  "credentials": {
    "title": "Credentials & Background Jobs",
    "intro": "Manage credentials and recurring background jobs."
  },
  "variables": {
    "title": "Variables",
    "intro": "Custom variables available to DHCP scripts and automation."
  },
  "settings": {
    "title": "Settings",
    "intro": "General DHCP configuration and application settings."
  }
}
